gamma,realizations,vertices_per_realization,mean_degree,variance_to_mean,dispersion_ci_low,dispersion_ci_high,total_variation,tv_ci_low,tv_ci_high,bootstrap_resamples,resampling_unit
2.0,50,500,5.543,0.7756361176258345,0.7533167547926785,0.7980818042428057,0.06299276356510013,0.05589143242143381,0.07126648743392135,10000,realization
3.0,50,500,4.9148,0.7987997395621389,0.7789379704435693,0.8185262048408496,0.057575966154641466,0.05101958914022269,0.06500534822470169,10000,realization
