gamma,rho_start,rho_end,paired_trials,apl_lcc_mean_change,apl_lcc_ci95_low,apl_lcc_ci95_high,lcc_fraction_mean_change,lcc_fraction_ci95_low,lcc_fraction_ci95_high,mean_hypergraph_vertex_degree_mean_change,mean_hypergraph_vertex_degree_ci95_low,mean_hypergraph_vertex_degree_ci95_high
1.5,1.5,5.0,25,-4.26461835957678,-4.925753180432856,-3.603483538720705,0.08746666666666666,0.03611703759082789,0.13881629574250542,5.376666666666666,5.288658965819807,5.464674367513525
2.0,1.5,5.0,25,-4.432775957046699,-5.172640019479692,-3.6929118946137063,0.14959999999999998,0.09602938454471636,0.2031706154552836,5.0376,4.964330772062256,5.110869227937744
2.5,1.5,5.0,25,-4.827592353420013,-5.757883871821314,-3.897300835018713,0.2457333333333333,0.17430123727272345,0.31716542939394315,4.740533333333333,4.656398059440496,4.824668607226169
3.0,1.5,5.0,25,-5.145525796023451,-6.13700550505257,-4.154046086994332,0.3269333333333334,0.2529096208510296,0.40095704581563724,4.387333333333333,4.313180704952787,4.46148596171388
